id,generated
0000aaaa,0.0020755511452293053
1111bbbb,0.002079832180422805
2222cccc,0.002078908781020841
